user_id,item_id,rating
0,43,3.9
0,40,3.7
0,46,2.7
0,12,3.6
0,24,1.7
0,31,2.9
0,17,2.6
0,32,3.3
0,3,2.9
0,30,3.3
0,13,4.9
0,8,4.6
0,49,2.7
0,6,4.4
0,47,2.5
0,4,2.9
0,36,4.2
0,33,3.0
0,19,1.7
0,48,2.4
0,15,2.6
0,9,4.0
0,16,3.2
0,26,2.6
0,44,4.0
0,25,2.4
1,24,2.0
1,35,3.3
1,46,2.9
1,30,2.1
1,43,3.5
1,1,3.7
1,42,3.6
1,5,3.5
1,31,2.9
1,20,2.4
1,17,2.0
1,10,3.4
1,15,3.1
1,19,1.7
1,29,3.6
1,37,3.9
1,3,3.2
1,16,2.4
1,28,2.2
1,18,2.2
1,12,2.6
1,9,4.6
1,48,2.7
1,14,3.2
2,34,3.6
2,6,4.3
2,28,3.2
2,14,3.2
2,13,3.9
2,7,4.4
2,20,2.2
2,12,2.8
2,9,3.4
2,29,3.1
2,47,2.0
2,21,2.1
2,40,4.4
2,11,3.8
2,8,3.7
2,37,3.5
2,17,3.0
2,15,3.2
2,42,3.6
2,24,2.6
2,35,4.2
2,19,3.1
2,4,4.1
2,26,2.1
2,49,2.4
2,45,2.3
2,23,2.1
2,10,3.8
2,30,2.3
2,3,3.7
2,41,4.5
3,17,2.1
3,19,2.7
3,1,3.3
3,9,4.2
3,22,1.5
3,10,3.1
3,6,3.6
3,35,3.3
3,14,2.5
3,38,4.2
3,44,4.2
3,30,2.7
3,23,1.2
3,0,3.6
3,12,2.7
3,40,3.3
3,31,3.5
3,8,3.9
3,25,1.8
3,5,4.0
3,36,3.7
3,13,4.2
4,34,3.5
4,30,2.5
4,37,4.1
4,2,3.5
4,35,3.5
4,10,4.0
4,46,3.1
4,49,2.1
4,6,3.0
4,25,2.0
4,26,2.4
4,40,3.9
4,47,3.0
4,43,4.4
4,13,3.3
4,33,3.9
4,1,3.6
4,44,3.8
4,19,2.4
4,0,3.8
4,11,4.4
4,8,4.0
4,20,1.9
4,39,4.2
4,22,2.6
4,28,3.0
4,23,2.6
4,16,2.2
4,18,1.8
4,9,3.5
4,27,1.9
4,17,2.4
4,12,3.1
4,15,3.4
4,29,2.3
4,31,4.1
4,45,2.5
4,3,3.2
5,47,2.1
5,41,4.2
5,0,3.9
5,7,4.3
5,5,4.3
5,30,3.2
5,1,3.2
5,14,2.9
5,18,1.8
5,6,4.5
5,13,3.0
5,32,3.2
5,48,2.2
5,40,4.0
5,46,2.4
5,49,1.8
5,43,3.4
5,25,2.4
5,15,2.4
5,19,1.8
5,21,2.1
5,27,1.9
5,39,3.2
5,2,3.4
5,26,2.3
5,12,3.4
6,9,4.4
6,30,3.2
6,1,3.4
6,23,2.0
6,31,3.1
6,28,3.1
6,6,3.5
6,40,3.1
6,42,3.1
6,22,1.6
6,33,3.1
6,34,3.7
6,16,1.6
6,13,3.8
6,39,3.1
6,8,3.5
6,35,3.8
6,17,3.1
6,48,1.4
6,37,4.1
6,3,4.5
6,4,3.8
6,10,2.9
6,26,2.5
6,21,2.8
6,15,2.2
6,20,2.7
6,14,2.9
6,29,3.7
7,11,3.9
7,23,2.0
7,17,2.8
7,29,3.5
7,24,2.4
7,28,3.4
7,26,2.7
7,47,2.5
7,39,4.2
7,14,3.7
7,36,4.1
7,21,1.8
7,10,2.4
7,38,4.9
7,15,2.3
7,44,3.2
7,19,3.0
7,6,4.1
7,31,3.5
7,1,4.5
8,41,3.8
8,32,3.5
8,34,3.6
8,48,2.5
8,28,2.8
8,31,3.0
8,14,3.7
8,6,3.8
8,36,3.7
8,35,2.9
8,13,3.2
8,39,3.2
8,42,3.2
8,47,2.8
8,11,2.7
8,8,3.7
8,21,2.8
8,0,2.5
8,43,2.6
8,49,1.6
8,27,2.8
8,45,2.6
8,20,1.5
8,37,3.6
8,18,1.7
8,25,2.4
8,17,2.2
8,26,3.2
8,29,3.8
8,2,4.3
8,24,1.9
8,46,2.5
8,44,4.0
8,3,4.5
8,7,3.6
8,38,4.6
9,24,2.8
9,11,2.6
9,26,3.7
9,17,2.2
9,12,2.7
9,9,3.5
9,39,4.0
9,6,3.9
9,48,2.6
9,44,1.9
9,27,2.6
9,15,1.2
9,45,3.5
9,13,3.6
9,0,4.1
9,16,1.7
9,28,4.4
9,14,2.2
9,31,3.6
9,34,4.1
9,19,2.2
9,1,4.2
9,37,4.2
9,42,3.1
9,4,4.3
9,7,3.7
9,18,2.3
9,2,4.2
9,49,2.4
9,8,3.9
9,22,1.9
9,23,2.5
9,30,3.9
9,35,3.4
9,10,3.1
9,29,3.7
9,3,4.9
9,38,4.2
10,23,2.9
10,48,2.6
10,33,4.7
10,11,3.4
10,12,1.9
10,30,3.8
10,8,3.0
10,26,2.7
10,17,2.1
10,36,4.4
10,21,1.7
10,46,1.1
10,15,2.3
10,10,4.5
10,40,3.3
10,29,3.5
10,45,3.3
10,43,3.1
10,20,2.1
10,4,4.2
10,25,2.8
10,34,3.4
10,3,3.3
10,49,3.0
10,28,3.4
10,0,3.9
10,27,3.1
11,15,2.6
11,2,5.0
11,13,2.5
11,23,2.5
11,7,3.6
11,3,4.1
11,38,3.6
11,40,3.0
11,28,3.1
11,4,3.9
11,27,2.9
11,37,3.4
11,44,2.6
11,46,2.1
11,41,3.9
11,12,1.3
11,33,4.5
11,43,3.4
11,31,2.8
11,19,1.8
11,29,3.4
11,21,1.5
11,18,1.6
11,11,2.3
11,32,4.8
11,16,2.6
11,30,4.4
11,26,3.4
11,17,1.5
11,6,3.5
11,1,4.2
11,5,3.3
11,10,3.4
12,47,1.9
12,33,4.1
12,7,3.7
12,27,3.3
12,16,1.4
12,12,2.5
12,45,3.4
12,25,1.5
12,8,3.8
12,5,4.3
12,39,2.7
12,21,2.0
12,26,2.6
12,11,3.7
12,29,4.2
12,49,2.6
12,2,4.1
12,24,3.4
12,35,3.9
12,10,3.6
12,19,2.0
13,38,3.2
13,36,3.5
13,15,2.1
13,35,5.0
13,4,3.8
13,12,3.0
13,14,1.8
13,8,3.2
13,31,4.8
13,28,3.3
13,42,3.6
13,2,4.3
13,48,1.7
13,37,4.0
13,17,2.5
13,24,3.1
13,47,1.3
13,19,1.7
13,7,3.3
13,43,2.5
13,23,2.9
13,3,4.0
13,40,2.5
13,18,2.2
13,0,4.3
14,46,2.7
14,41,2.4
14,26,3.2
14,32,3.8
14,28,4.4
14,4,3.9
14,12,2.9
14,3,3.2
14,42,2.8
14,19,2.6
14,0,4.0
14,33,4.5
14,48,1.7
14,10,3.4
14,1,5.0
14,2,3.8
14,23,2.5
14,29,4.5
14,43,3.2
14,45,1.9
14,35,3.6
14,18,1.9
14,8,2.5
14,27,3.0
14,30,3.4
14,40,2.6
14,13,2.2
14,34,4.1
14,37,4.4
14,21,1.9
14,20,2.7
14,38,3.3
14,49,2.0
14,16,2.3
14,6,3.0
14,47,2.2
15,6,2.9
15,15,1.6
15,20,2.3
15,43,2.1
15,26,3.9
15,0,4.0
15,45,3.1
15,21,2.9
15,18,2.6
15,41,2.8
15,24,3.1
15,30,4.8
15,11,2.3
15,32,4.3
15,27,3.4
15,48,1.9
15,35,3.2
15,10,2.3
15,1,3.5
15,36,4.0
15,13,2.7
15,49,2.0
15,34,4.0
15,14,2.0
15,31,3.6
15,12,2.7
15,38,3.6
15,46,1.1
15,39,3.0
15,23,2.4
15,16,1.8
15,29,3.5
15,17,2.0
15,47,1.8
15,8,2.9
15,22,3.2
15,37,3.8
15,4,3.4
15,5,3.3
16,15,2.3
16,4,2.8
16,42,2.2
16,29,4.5
16,7,2.7
16,40,2.4
16,38,3.5
16,31,4.2
16,33,4.3
16,20,1.8
16,19,3.5
16,24,2.5
16,39,3.1
16,47,1.9
16,32,3.4
16,8,2.8
16,12,2.3
16,2,3.6
16,43,2.8
16,48,1.9
16,23,2.2
16,37,2.7
16,1,4.3
17,3,4.1
17,2,3.4
17,26,3.8
17,6,3.3
17,32,4.8
17,49,2.8
17,4,2.8
17,22,3.2
17,36,4.1
17,42,2.7
17,19,2.1
17,25,4.6
17,39,3.3
17,46,3.0
17,35,4.3
17,9,2.9
17,34,3.5
17,15,2.0
17,14,1.9
17,13,1.5
17,11,2.6
17,41,3.3
17,28,3.7
17,45,3.1
17,18,1.4
17,48,2.6
17,33,4.7
17,40,2.6
18,38,3.6
18,0,3.9
18,7,3.3
18,39,2.5
18,49,3.0
18,10,1.6
18,12,1.4
18,22,3.6
18,41,1.2
18,33,4.0
18,47,2.0
18,35,3.2
18,13,1.9
18,30,3.6
18,44,2.8
18,15,2.9
18,1,3.6
18,24,3.4
18,8,2.1
18,45,2.6
18,42,2.8
18,46,1.9
18,26,3.7
18,37,3.2
18,3,2.9
18,4,4.3
18,19,2.0
18,23,2.7
18,25,3.4
18,20,3.0
18,29,3.7
18,16,1.1
18,11,1.8
18,6,3.4
18,32,5.0
18,14,1.4
18,28,3.3
18,34,3.0
19,24,3.0
19,30,4.3
19,35,3.8
19,21,2.4
19,34,3.4
19,31,3.7
19,29,3.9
19,3,3.6
19,44,2.4
19,42,2.0
19,7,3.0
19,6,3.3
19,15,2.1
19,12,2.0
19,23,3.3
19,37,3.5
19,38,3.3
19,10,3.2
19,17,1.7
19,9,2.3
19,48,1.3
19,39,3.2
19,18,2.1
19,16,2.2
19,32,3.6
19,33,3.6
19,26,4.3
19,20,3.0
19,4,3.4
19,41,2.8
20,48,2.2
20,34,3.0
20,30,3.9
20,33,2.9
20,21,3.4
20,41,1.2
20,3,3.9
20,46,2.5
20,15,2.7
20,19,2.6
20,25,4.1
20,4,3.3
20,32,3.3
20,8,3.3
20,49,2.3
20,1,3.1
20,9,2.2
20,31,3.7
20,13,2.2
20,7,3.9
20,29,4.3
21,28,4.1
21,49,3.0
21,8,2.3
21,2,3.5
21,13,2.4
21,43,2.4
21,40,2.0
21,22,3.6
21,48,2.0
21,4,4.1
21,18,2.0
21,5,3.2
21,20,2.4
21,44,3.1
21,37,2.3
21,14,2.3
21,26,3.5
21,33,3.5
21,11,2.3
21,0,4.5
21,31,4.7
21,21,2.2
22,14,2.2
22,39,2.3
22,27,4.8
22,36,3.1
22,37,2.5
22,22,2.8
22,13,2.3
22,48,1.8
22,43,2.1
22,21,3.9
22,9,2.1
22,15,2.8
22,30,3.3
22,19,2.5
22,44,1.3
22,46,2.1
22,28,4.4
22,11,2.1
22,4,3.8
22,47,1.8
22,16,2.3
22,49,2.2
22,33,3.8
22,45,2.3
22,29,4.3
22,5,2.4
22,26,3.5
22,0,3.5
22,7,2.4
22,8,2.4
22,42,2.4
22,35,2.8
22,32,2.9
23,25,3.3
23,18,2.5
23,24,3.4
23,16,2.2
23,4,3.1
23,39,2.6
23,7,2.4
23,40,2.5
23,10,2.1
23,3,2.3
23,0,3.3
23,32,3.6
23,12,1.4
23,30,4.2
23,43,2.8
23,26,4.5
23,9,2.1
23,28,4.7
23,27,4.1
23,38,2.4
23,35,2.8
23,22,3.3
23,1,3.4
24,42,2.1
24,19,2.0
24,7,2.4
24,23,3.5
24,2,3.6
24,17,3.1
24,49,2.9
24,8,2.7
24,10,2.2
24,33,3.7
24,11,1.9
24,15,2.5
24,46,2.3
24,47,2.5
24,24,3.7
24,18,3.1
24,12,1.6
24,0,3.7
24,30,4.5
24,32,3.1
24,9,1.0
24,25,4.1
24,14,2.0
25,27,4.3
25,17,3.2
25,28,3.7
25,24,3.9
25,2,4.0
25,39,3.1
25,1,3.8
25,41,2.3
25,8,1.8
25,29,4.1
25,46,2.5
25,38,2.3
25,11,1.7
25,5,2.0
25,9,1.2
25,15,1.3
25,30,4.1
25,47,2.5
25,33,3.1
25,26,3.8
25,21,3.5
25,35,2.8
25,6,1.8
25,49,3.2
25,14,2.3
25,32,3.6
25,10,2.4
25,3,2.6
25,13,2.7
25,25,3.9
25,40,2.6
25,20,3.6
26,19,4.0
26,36,2.8
26,5,2.0
26,45,2.4
26,38,2.9
26,8,1.8
26,3,2.9
26,25,4.0
26,33,2.8
26,16,2.9
26,29,3.8
26,15,2.6
26,13,1.7
26,9,1.8
26,7,2.6
26,39,2.0
26,44,2.9
26,32,3.2
26,37,2.6
26,6,2.9
26,49,2.1
26,34,2.1
26,2,2.4
26,0,4.1
26,4,2.5
26,48,3.9
26,43,1.7
26,40,2.2
26,11,2.8
26,23,4.8
26,22,4.7
27,22,4.3
27,7,2.5
27,2,3.9
27,13,3.0
27,1,3.6
27,9,1.7
27,36,1.9
27,42,1.3
27,4,1.2
27,8,2.4
27,6,2.3
27,33,3.6
27,41,2.7
27,31,3.6
27,20,3.5
27,24,3.7
27,25,3.8
27,15,2.8
27,3,2.8
27,5,2.3
27,34,2.9
28,16,2.9
28,23,3.8
28,43,1.7
28,31,3.3
28,36,2.7
28,2,3.9
28,28,4.4
28,1,2.0
28,42,2.1
28,47,3.4
28,44,1.5
28,7,2.4
28,11,1.9
28,18,3.7
28,49,3.2
28,4,2.1
28,48,2.7
28,39,2.0
28,22,3.7
28,33,3.6
28,38,1.8
28,26,4.5
28,14,2.2
28,35,2.7
28,45,2.3
28,0,3.3
28,32,3.2
28,3,3.5
28,20,3.9
28,37,2.1
28,10,2.8
29,28,3.9
29,29,3.9
29,41,1.4
29,12,2.6
29,36,2.2
29,0,3.3
29,38,1.5
29,45,2.2
29,16,2.9
29,46,3.2
29,3,2.3
29,8,1.7
29,42,2.5
29,23,3.5
29,15,3.2
29,33,2.9
29,31,3.5
29,11,2.3
29,37,1.9
29,44,2.4
29,4,2.1
29,18,3.0
29,10,2.3
29,17,3.2
29,35,2.5
29,22,3.2
29,30,3.0
29,6,2.3
29,5,2.7
29,34,2.2
29,19,3.0
29,9,2.1
29,32,3.2
29,7,1.3
29,2,2.9
29,24,3.7
29,1,3.9
29,25,4.1
29,43,2.3
30,42,1.3
30,25,3.3
30,37,1.9
30,12,1.6
30,9,1.9
30,38,1.6
30,44,2.3
30,18,4.0
30,17,3.1
30,28,3.6
30,30,3.6
30,39,1.7
30,11,2.5
30,35,2.7
30,45,2.5
30,46,2.7
30,13,3.4
30,23,4.4
30,20,4.8
30,41,2.3
30,31,2.5
30,3,2.4
30,2,1.9
30,24,4.3
30,48,3.4
30,7,1.6
30,0,2.8
30,36,2.4
30,8,1.4
30,5,1.6
30,6,2.7
30,40,2.1
30,27,3.6
30,1,2.1
30,33,3.3
30,15,2.4
30,19,4.4
31,37,2.5
31,40,2.0
31,9,1.9
31,4,2.1
31,48,2.0
31,10,2.0
31,28,2.6
31,38,2.3
31,1,2.2
31,12,1.8
31,47,2.6
31,29,3.4
31,41,2.0
31,17,3.8
31,15,2.5
31,45,2.8
31,6,3.4
31,42,2.3
31,24,3.9
31,26,3.5
31,5,2.1
31,27,3.4
31,20,3.9
31,35,2.4
31,21,2.8
31,49,3.3
31,25,4.5
31,18,3.2
31,46,2.4
31,30,2.6
31,14,1.7
31,13,2.9
31,39,1.9
31,11,2.6
31,22,4.7
32,45,3.3
32,13,2.9
32,49,4.1
32,42,2.2
32,46,3.0
32,21,4.8
32,5,1.7
32,20,3.7
32,10,2.5
32,2,2.5
32,15,2.6
32,9,2.4
32,28,4.3
32,12,2.3
32,23,3.9
32,34,2.1
32,6,1.9
32,8,2.5
32,47,3.1
32,41,1.7
32,11,2.4
32,31,3.6
32,16,2.8
32,37,1.4
32,43,3.4
32,14,2.0
32,18,3.3
32,48,3.3
32,35,2.2
32,33,2.6
32,30,3.5
32,0,1.7
32,39,1.4
32,3,2.4
32,1,2.5
33,8,2.1
33,35,2.3
33,32,2.3
33,1,2.6
33,20,4.0
33,29,2.7
33,6,2.1
33,24,4.3
33,15,2.8
33,41,2.7
33,14,2.6
33,47,2.7
33,42,2.5
33,39,3.0
33,21,4.0
33,48,3.6
33,5,1.8
33,44,1.9
33,22,4.1
33,13,2.8
34,33,2.3
34,22,5.0
34,46,2.5
34,15,3.0
34,48,3.8
34,30,3.3
34,24,4.1
34,1,1.5
34,44,1.8
34,25,4.6
34,3,3.1
34,47,3.2
34,9,2.8
34,29,2.7
34,2,2.0
34,0,2.2
34,5,1.6
34,28,3.8
34,13,2.3
34,8,3.2
34,19,4.0
34,42,2.8
34,37,2.3
35,42,2.3
35,38,1.2
35,16,3.6
35,20,3.6
35,15,2.7
35,9,2.5
35,30,2.8
35,27,4.0
35,19,3.5
35,11,2.2
35,21,4.6
35,49,3.8
35,10,1.6
35,5,2.2
35,32,3.3
35,17,3.3
35,45,3.2
35,44,2.3
35,13,2.7
35,22,4.5
35,26,3.8
35,28,4.0
35,1,2.7
35,37,3.1
35,3,1.4
35,33,2.3
35,8,1.5
35,31,2.2
36,26,2.4
36,6,1.9
36,49,4.5
36,9,2.7
36,35,2.6
36,18,4.4
36,43,2.7
36,34,2.3
36,27,3.1
36,19,3.7
36,15,3.6
36,2,2.8
36,29,3.0
36,37,1.8
36,3,2.1
36,32,2.8
36,1,1.7
36,24,2.7
36,20,3.7
36,0,1.9
36,39,1.8
36,38,1.9
36,4,1.8
37,36,2.7
37,18,4.2
37,43,2.6
37,39,2.6
37,38,1.6
37,25,4.4
37,47,3.2
37,14,2.4
37,19,3.8
37,13,2.8
37,40,2.1
37,48,3.8
37,4,2.6
37,9,2.2
37,46,3.0
37,29,2.4
37,16,3.3
37,12,1.9
37,31,2.2
37,42,3.2
37,26,3.1
37,3,2.4
37,0,1.9
37,24,4.7
37,41,3.3
37,34,2.4
37,20,5.0
37,28,3.3
37,11,3.0
37,5,2.6
37,27,3.4
37,2,1.4
38,1,2.6
38,15,3.3
38,46,3.5
38,34,1.7
38,13,4.2
38,5,1.2
38,24,3.8
38,37,3.0
38,20,4.0
38,0,2.3
38,29,2.6
38,31,2.4
38,35,2.7
38,44,1.9
38,7,2.9
38,32,1.6
38,30,2.5
38,43,2.6
38,18,4.2
38,47,2.8
38,26,3.6
38,9,3.4
38,6,1.4
38,11,2.8
38,16,3.3
38,41,2.7
38,49,3.9
38,38,1.8
38,10,2.8
38,17,4.7
38,19,3.9
38,23,4.2
39,32,1.6
39,22,4.5
39,38,1.2
39,5,2.6
39,48,3.7
39,18,4.2
39,29,3.1
39,49,4.1
39,31,1.9
39,10,2.4
39,14,2.7
39,45,3.6
39,13,4.1
39,39,1.3
39,25,3.1
39,17,3.8
39,6,2.2
39,0,2.8
39,33,2.0
39,42,2.6
39,3,2.6
39,40,2.7
39,34,2.3
39,12,3.1
39,11,3.3
39,2,1.8
40,40,2.1
40,39,2.9
40,46,4.0
40,11,2.8
40,15,4.2
40,10,2.2
40,13,2.7
40,21,4.4
40,25,3.7
40,41,2.4
40,29,2.1
40,17,4.6
40,49,3.1
40,42,2.5
40,6,2.2
40,7,3.1
40,30,2.6
40,31,2.5
40,5,1.8
40,8,2.7
40,4,2.1
40,12,2.3
40,19,4.4
40,20,4.5
40,22,4.3
40,16,3.8
40,24,3.1
40,1,1.0
40,48,3.9
40,43,3.6
40,9,3.0
40,32,2.6
40,37,2.0
40,28,3.4
40,33,2.5
41,35,1.4
41,39,1.9
41,46,3.9
41,27,3.3
41,6,1.8
41,20,4.4
41,9,3.2
41,26,4.1
41,34,2.0
41,29,2.2
41,45,3.0
41,15,3.2
41,4,2.6
41,24,2.7
41,23,4.3
41,47,3.4
41,21,3.6
41,43,3.1
41,30,2.0
41,1,2.5
41,22,4.7
41,38,1.9
41,13,3.2
41,7,2.2
41,36,2.3
41,42,2.9
41,10,3.5
41,18,4.6
41,37,1.5
41,17,4.2
41,3,2.8
41,32,1.9
41,49,3.8
41,31,2.0
41,14,3.3
41,25,2.5
42,7,1.5
42,3,2.1
42,18,3.9
42,12,2.8
42,0,1.5
42,39,2.7
42,38,2.6
42,36,2.7
42,22,3.5
42,46,3.7
42,37,1.5
42,48,4.7
42,41,2.9
42,13,3.9
42,42,3.4
42,20,4.7
42,29,2.0
42,35,2.4
42,8,2.5
42,30,3.4
42,14,3.2
42,34,2.6
42,10,3.1
42,21,4.0
42,44,3.4
42,32,2.8
42,23,3.7
43,35,1.3
43,43,3.8
43,49,3.9
43,1,2.5
43,16,4.2
43,14,5.0
43,25,3.1
43,24,3.5
43,6,2.1
43,11,3.2
43,48,2.6
43,8,2.9
43,26,3.6
43,20,4.1
43,28,1.9
43,21,3.4
43,7,1.2
43,30,2.7
43,0,1.6
43,27,2.7
43,36,2.0
43,37,3.0
43,13,3.6
43,23,3.9
43,12,3.7
43,3,2.7
43,18,3.9
43,5,3.1
44,25,2.0
44,17,3.6
44,27,2.0
44,28,2.3
44,18,3.8
44,47,5.0
44,3,2.3
44,42,2.5
44,10,2.8
44,1,2.5
44,37,3.4
44,7,1.7
44,29,1.4
44,0,3.0
44,19,4.1
44,6,1.9
44,26,3.1
44,49,2.7
44,13,3.7
44,12,3.7
44,40,3.3
44,14,3.3
44,36,2.2
44,33,1.5
44,48,4.1
44,2,1.6
44,39,2.4
44,30,1.7
44,11,3.6
44,16,4.4
44,22,3.5
44,9,2.9
44,43,2.7
44,21,3.6
44,34,2.0
44,5,3.5
44,8,2.2
44,20,4.6
44,32,2.5
45,26,2.4
45,12,3.0
45,38,2.2
45,9,2.9
45,33,1.7
45,4,1.1
45,30,2.6
45,41,3.8
45,31,2.4
45,32,1.4
45,23,3.2
45,46,3.9
45,47,4.3
45,16,4.3
45,19,3.5
45,25,3.0
45,3,2.3
45,22,4.2
45,34,2.4
45,11,3.8
45,5,2.3
45,44,4.4
45,48,4.2
45,35,1.7
45,43,4.2
45,36,2.6
45,17,3.8
45,7,2.4
45,49,4.1
45,29,2.5
45,39,2.8
45,20,4.0
45,10,4.1
45,2,2.6
45,14,3.9
46,19,4.3
46,8,2.4
46,28,1.3
46,31,2.2
46,42,2.6
46,24,3.1
46,44,3.6
46,26,3.0
46,4,2.1
46,34,1.9
46,37,2.8
46,20,3.9
46,6,2.7
46,3,2.4
46,36,1.5
46,27,2.8
46,13,4.1
46,47,3.5
46,0,1.9
46,21,3.6
46,23,3.2
46,2,2.2
46,35,2.9
46,5,2.9
46,33,1.4
46,30,2.4
46,22,4.1
46,32,2.2
46,18,4.5
47,8,3.6
47,37,3.1
47,0,1.3
47,33,2.5
47,25,2.9
47,49,3.4
47,29,1.5
47,7,3.0
47,36,2.2
47,21,4.4
47,6,3.1
47,14,4.2
47,30,2.3
47,12,4.4
47,48,4.4
47,32,2.3
47,31,1.5
47,5,4.0
47,38,2.2
47,16,3.8
47,42,2.7
47,17,4.2
48,5,2.8
48,46,3.1
48,1,1.8
48,11,4.3
48,0,2.0
48,17,3.3
48,31,1.9
48,48,3.6
48,13,4.1
48,3,2.2
48,38,3.1
48,41,2.8
48,24,2.6
48,33,2.6
48,27,1.6
48,37,2.1
48,36,2.6
48,9,3.5
48,4,2.1
48,35,2.2
48,18,4.1
48,2,2.5
48,8,2.6
49,18,4.0
49,4,2.6
49,28,1.5
49,41,3.3
49,20,4.8
49,3,1.7
49,1,2.4
49,10,2.5
49,25,3.0
49,47,3.5
49,2,2.4
49,5,2.0
49,13,4.1
49,32,1.6
49,26,2.0
49,36,2.8
49,15,3.8
49,46,4.2
49,38,2.8
49,19,3.7
49,31,2.2
49,37,2.6
49,48,3.4
49,35,2.1
49,6,3.4
50,2,2.1
50,42,4.7
50,47,4.5
50,44,4.3
50,29,2.1
50,9,3.3
50,15,4.3
50,36,2.1
50,10,4.4
50,5,2.6
50,1,2.3
50,27,1.7
50,18,4.1
50,8,3.1
50,11,4.1
50,33,2.6
50,46,3.7
50,6,2.4
50,45,4.8
50,31,1.9
50,39,3.3
50,26,2.5
50,13,3.3
50,22,3.3
50,43,3.9
50,17,3.5
50,7,2.5
50,25,2.8
50,23,3.4
50,34,2.4
50,35,1.7
51,6,2.5
51,45,3.5
51,4,3.1
51,26,1.9
51,35,1.6
51,15,4.1
51,37,3.3
51,22,2.5
51,14,3.7
51,29,1.7
51,44,3.8
51,11,4.4
51,24,2.5
51,17,4.2
51,47,3.5
51,9,3.4
51,0,2.6
51,49,3.3
51,32,2.6
51,2,2.0
51,36,2.6
51,13,4.8
51,28,1.8
51,8,3.5
51,30,2.3
51,19,3.6
51,12,4.1
51,31,2.0
51,33,1.6
51,46,4.2
51,48,3.5
51,25,2.8
52,14,4.7
52,47,3.6
52,46,3.8
52,18,2.8
52,44,4.1
52,40,3.6
52,38,3.3
52,39,3.6
52,16,3.5
52,35,2.8
52,6,3.3
52,19,3.2
52,32,2.4
52,13,4.0
52,36,2.5
52,11,4.0
52,33,2.2
52,0,2.5
52,1,2.1
52,15,3.3
52,8,3.6
52,29,2.1
52,49,3.1
52,31,2.5
53,44,4.3
53,8,3.5
53,38,3.0
53,26,1.9
53,9,3.6
53,42,3.3
53,20,3.0
53,37,3.2
53,29,2.5
53,1,2.3
53,31,1.3
53,0,2.3
53,32,2.1
53,41,4.5
53,7,4.1
53,45,4.7
53,15,3.6
53,47,4.8
53,36,3.1
53,40,4.5
53,27,1.8
53,23,2.4
54,26,2.2
54,46,3.8
54,11,4.4
54,39,4.0
54,20,3.0
54,7,3.3
54,40,3.9
54,13,3.1
54,1,3.4
54,23,2.8
54,6,3.7
54,24,1.8
54,34,3.3
54,38,3.2
54,25,1.7
54,12,4.0
54,49,3.5
54,15,3.3
54,0,1.8
54,32,1.8
54,33,2.0
54,21,2.6
54,4,2.2
54,18,3.1
55,31,2.8
55,43,3.5
55,0,1.4
55,5,3.2
55,8,3.7
55,40,4.0
55,18,3.9
55,24,2.8
55,10,3.6
55,33,1.9
55,19,2.5
55,29,1.7
55,32,2.2
55,27,2.2
55,2,2.2
55,17,3.6
55,23,2.6
55,35,3.0
55,37,2.8
55,9,4.1
55,13,5.0
55,28,2.1
55,22,1.1
55,30,2.7
55,36,2.8
55,39,4.8
55,21,2.8
55,45,3.1
55,15,2.8
55,42,4.7
55,4,3.6
55,44,5.0
55,20,2.9
55,34,2.7
56,13,3.7
56,35,3.2
56,24,1.7
56,48,3.1
56,14,4.5
56,19,3.4
56,4,3.1
56,37,3.2
56,36,2.2
56,8,3.3
56,33,3.6
56,41,3.3
56,5,3.4
56,21,3.1
56,26,1.4
56,15,3.8
56,43,4.5
56,34,2.8
56,42,5.0
56,9,3.1
57,40,4.4
57,9,3.3
57,34,3.4
57,10,4.3
57,27,1.8
57,1,2.1
57,28,2.1
57,23,2.3
57,36,3.8
57,8,3.6
57,0,3.0
57,14,3.5
57,37,2.8
57,25,1.5
57,46,3.7
57,38,3.6
57,16,3.7
57,29,2.1
57,11,4.5
57,48,3.3
57,33,1.7
57,6,3.5
57,43,3.0
57,18,3.3
57,7,4.3
57,20,2.2
57,3,3.7
57,4,3.6
57,30,2.8
57,42,4.1
57,26,1.5
58,17,2.8
58,35,3.9
58,4,3.1
58,44,5.0
58,30,2.6
58,28,1.6
58,29,1.2
58,20,3.0
58,0,2.3
58,48,3.2
58,47,3.9
58,24,2.6
58,2,3.5
58,16,2.8
58,1,3.4
58,5,3.2
58,32,1.5
58,9,3.4
58,31,2.6
58,13,3.4
58,14,3.7
58,11,4.2
58,33,2.7
58,6,3.4
58,15,3.0
58,45,3.8
58,23,1.1
58,19,2.5
58,49,2.6
58,39,3.7
58,41,3.9
58,10,4.5
58,22,3.1
58,34,2.5
58,25,3.0
58,36,3.0
58,7,3.9
58,46,3.9
58,40,5.0
59,21,2.1
59,38,4.1
59,31,2.0
59,11,3.5
59,12,3.1
59,20,3.2
59,44,4.1
59,27,1.0
59,1,2.3
59,5,3.8
59,28,2.8
59,35,3.7
59,47,3.2
59,9,3.0
59,40,4.4
59,22,2.1
59,49,3.0
59,42,3.9
59,4,2.7
59,30,2.6
59,14,3.8
59,2,2.8
59,15,3.7
59,36,2.8
59,24,1.9
59,13,3.8
59,10,3.1
59,48,3.2
59,19,3.1
59,17,3.0
59,39,3.9
59,18,3.2
59,23,1.9
59,7,3.7
59,34,2.5
59,8,3.9
59,29,2.1
60,49,1.6
60,13,4.4
60,10,4.4
60,0,1.9
60,1,1.9
60,34,2.3
60,15,3.7
60,35,3.8
60,20,2.0
60,29,2.6
60,45,3.7
60,8,3.8
60,17,3.5
60,16,2.6
60,39,4.5
60,46,3.1
60,26,2.9
60,24,1.5
60,25,1.8
60,3,3.3
60,33,3.1
60,19,2.9
60,23,1.4
60,7,3.9
60,43,4.0
60,36,3.3
60,12,4.1
60,30,1.8
60,32,2.7
60,11,3.6
60,5,3.5
60,37,4.5
61,30,3.2
61,9,3.4
61,3,2.1
61,8,3.7
61,41,4.6
61,44,2.9
61,42,3.3
61,29,2.5
61,28,3.5
61,49,2.1
61,6,3.2
61,14,3.7
61,39,4.6
61,31,2.4
61,35,2.7
61,46,3.6
61,36,4.0
61,20,3.3
61,12,4.1
61,5,4.1
61,15,3.2
61,7,5.0
61,24,1.8
61,1,2.7
61,2,4.1
61,45,2.8
61,4,2.7
61,16,3.2
61,19,2.5
61,26,1.9
61,33,3.6
61,37,3.3
61,32,3.0
61,47,3.0
62,6,3.8
62,3,3.5
62,47,3.7
62,19,1.6
62,10,4.4
62,16,2.9
62,49,2.2
62,43,3.3
62,20,1.9
62,13,3.0
62,30,3.5
62,4,3.9
62,5,4.3
62,14,3.7
62,12,3.8
62,26,2.1
62,42,3.7
62,44,3.5
62,7,3.3
62,11,4.4
62,29,1.6
62,1,2.6
62,25,3.0
62,27,2.2
62,9,4.1
62,41,4.3
62,8,3.2
63,32,2.4
63,20,2.6
63,47,2.8
63,36,4.0
63,9,4.2
63,25,2.3
63,45,3.0
63,41,4.0
63,7,4.2
63,35,3.7
63,42,2.8
63,0,3.1
63,33,4.4
63,28,2.2
63,6,3.6
63,22,2.2
63,40,4.1
63,44,4.2
63,13,2.9
63,37,4.3
63,11,4.1
63,29,2.5
63,3,3.7
63,8,4.5
64,24,2.5
64,9,3.3
64,11,3.8
64,43,3.6
64,12,3.0
64,25,1.7
64,33,3.4
64,38,3.7
64,8,2.8
64,28,3.0
64,7,3.9
64,46,2.0
64,3,4.7
64,1,3.9
64,40,3.8
64,5,3.5
64,18,2.7
64,29,2.7
64,20,2.4
64,42,3.4
64,21,2.6
64,17,2.4
64,27,2.6
65,20,2.0
65,16,3.5
65,37,4.0
65,38,4.1
65,24,2.2
65,11,2.9
65,2,3.7
65,45,2.9
65,13,2.6
65,19,2.0
65,25,1.9
65,14,3.6
65,12,3.0
65,48,2.2
65,18,2.5
65,7,3.3
65,22,1.7
65,43,2.7
65,15,3.4
65,5,3.8
65,26,2.2
65,42,4.2
65,9,3.5
65,29,2.6
65,10,3.3
65,34,3.1
65,27,1.9
65,3,3.5
65,23,1.8
65,31,3.3
65,44,3.0
65,30,3.1
65,0,3.5
65,6,3.8
65,17,2.1
66,7,4.0
66,36,3.7
66,30,2.4
66,21,1.8
66,24,2.2
66,29,2.8
66,32,3.5
66,19,1.8
66,45,3.7
66,10,3.1
66,28,2.9
66,41,4.4
66,12,3.7
66,23,1.9
66,48,2.3
66,2,4.2
66,47,2.0
66,33,3.1
66,40,3.7
66,8,4.6
66,5,4.2
66,11,3.1
66,4,3.7
66,37,3.7
66,17,2.1
66,38,4.5
66,1,2.8
66,18,3.1
66,34,4.2
66,42,4.2
66,31,3.0
66,13,3.1
66,3,3.1
66,14,2.8
66,44,3.5
66,6,4.6
66,22,1.4
66,16,2.5
67,28,2.7
67,14,2.8
67,18,1.4
67,5,4.4
67,6,3.6
67,26,2.3
67,2,4.1
67,13,3.3
67,19,2.1
67,11,3.2
67,35,2.5
67,0,3.8
67,38,3.9
67,24,2.9
67,4,4.1
67,34,3.5
67,29,3.5
67,21,2.6
67,43,3.3
67,48,3.0
67,12,3.0
67,9,3.9
67,22,2.3
67,30,3.5
68,40,4.1
68,22,2.5
68,8,4.1
68,29,2.4
68,37,4.1
68,31,3.8
68,18,2.9
68,14,3.3
68,23,2.5
68,4,4.0
68,47,2.7
68,21,2.6
68,44,2.4
68,20,1.8
68,41,3.3
68,30,3.4
68,17,2.9
68,43,3.0
68,16,1.3
68,11,3.2
69,42,3.9
69,38,4.2
69,15,2.1
69,3,4.2
69,12,3.3
69,26,2.1
69,17,2.3
69,29,3.3
69,40,3.4
69,0,3.3
69,34,3.4
69,19,1.8
69,39,3.8
69,1,3.5
69,30,2.6
69,48,1.9
69,18,1.9
69,27,3.1
69,11,3.6
69,33,4.2
69,21,1.6
69,13,3.0
69,41,2.4
69,37,4.2
69,23,2.4
69,9,3.5
69,31,3.7
69,35,3.2
69,45,2.4
69,24,2.6
70,12,3.3
70,35,4.4
70,44,3.0
70,39,3.5
70,18,1.4
70,36,4.4
70,22,3.5
70,8,3.8
70,2,3.0
70,3,4.2
70,34,4.4
70,33,3.4
70,45,2.4
70,14,2.3
70,49,1.8
70,4,3.9
70,0,3.2
70,38,3.3
70,6,4.0
70,41,3.4
70,25,2.2
70,1,3.8
70,10,2.7
70,29,3.4
70,28,2.8
70,19,2.1
70,24,2.5
70,13,3.4
70,30,3.5
70,26,3.2
70,42,3.1
71,2,2.7
71,34,4.0
71,30,4.2
71,24,3.1
71,47,2.2
71,1,3.2
71,33,4.6
71,35,4.0
71,46,2.4
71,26,2.3
71,17,1.5
71,29,3.6
71,19,2.3
71,13,2.8
71,28,2.8
71,18,1.5
71,23,1.5
71,7,3.5
71,43,2.5
71,16,1.4
71,21,2.4
71,38,3.2
71,49,2.6
71,32,4.0
71,48,2.3
71,41,4.2
71,25,1.9
71,11,3.6
71,40,3.4
71,3,5.0
71,0,3.5
72,13,2.4
72,24,2.0
72,47,2.1
72,30,3.4
72,17,2.3
72,37,3.6
72,44,3.2
72,5,4.0
72,2,2.7
72,20,2.2
72,42,3.6
72,19,1.4
72,12,3.0
72,32,4.8
72,9,3.5
72,48,2.7
72,27,2.8
72,28,3.2
72,10,3.1
72,18,1.8
72,49,2.0
72,36,3.2
72,39,3.5
72,14,3.1
72,29,2.9
72,7,3.2
72,43,2.9
72,40,3.5
72,1,4.1
73,3,4.9
73,1,3.8
73,48,1.3
73,36,3.6
73,29,4.1
73,7,3.4
73,10,3.4
73,34,4.1
73,43,3.2
73,31,4.7
73,11,3.2
73,33,4.0
73,2,5.0
73,45,2.6
73,49,1.6
73,27,3.5
73,14,2.6
73,17,1.9
73,47,1.9
73,44,2.5
73,21,1.9
73,19,1.9
73,22,1.8
73,38,3.9
73,23,2.5
73,15,2.4
73,20,2.0
73,26,2.8
73,25,3.5
73,6,3.8
73,0,4.5
73,24,2.1
73,5,4.2
73,46,1.9
73,9,3.0
73,41,3.0
74,49,2.1
74,16,2.8
74,40,3.9
74,9,3.5
74,29,3.4
74,22,2.8
74,20,2.0
74,14,2.3
74,44,2.7
74,12,2.6
74,43,2.4
74,0,3.1
74,32,4.4
74,37,4.1
74,24,1.8
74,23,2.1
74,5,3.9
74,15,2.4
74,25,2.1
74,10,3.0
74,1,4.2
74,11,2.6
74,19,2.1
74,35,3.7
74,3,4.4
74,46,1.8
75,17,2.4
75,14,2.3
75,11,3.0
75,35,3.6
75,0,3.1
75,45,2.5
75,25,1.9
75,4,3.7
75,43,3.1
75,46,2.3
75,22,3.4
75,6,4.2
75,15,1.8
75,27,3.3
75,9,3.1
75,21,1.4
75,10,2.5
75,19,1.8
75,29,2.7
75,1,4.0
75,49,1.9
75,41,2.2
75,39,3.6
75,28,3.9
75,7,3.6
75,32,3.8
75,16,2.3
75,5,4.1
75,48,2.2
76,3,3.5
76,7,3.6
76,28,3.5
76,16,2.4
76,11,2.9
76,13,3.0
76,41,3.6
76,0,4.1
76,2,3.6
76,23,2.4
76,31,3.9
76,18,2.6
76,34,3.7
76,5,3.5
76,10,3.7
76,25,3.0
76,42,2.4
76,44,2.8
76,24,2.8
76,46,1.4
76,19,2.6
76,39,2.9
76,6,3.6
76,20,2.1
76,35,4.0
76,45,1.1
76,26,3.1
77,38,3.3
77,11,2.8
77,21,2.4
77,47,1.5
77,44,2.2
77,19,2.0
77,3,3.9
77,16,2.3
77,18,2.4
77,29,3.6
77,35,4.3
77,39,3.8
77,8,3.3
77,33,4.3
77,28,4.2
77,9,2.4
77,17,2.5
77,22,2.2
77,27,3.2
77,6,3.6
77,34,2.9
77,41,2.9
77,23,3.2
77,45,1.3
77,10,3.3
77,24,2.6
77,13,2.3
77,31,3.7
77,32,4.3
77,48,2.5
77,46,2.4
77,5,3.7
78,17,1.2
78,45,2.0
78,32,3.9
78,13,2.3
78,5,2.9
78,8,3.3
78,38,4.3
78,6,3.6
78,11,2.5
78,20,1.6
78,22,2.3
78,34,3.9
78,37,3.2
78,42,3.0
78,4,4.0
78,19,3.5
78,31,3.5
78,24,3.1
78,36,3.0
78,41,1.6
78,1,4.4
78,33,4.2
78,28,3.3
78,14,2.1
78,39,2.8
78,18,1.8
78,47,1.8
78,26,3.0
78,30,3.6
78,7,2.9
78,15,2.2
78,3,2.5
78,27,3.5
78,35,3.2
78,9,2.3
78,43,2.1
78,46,2.0
78,12,2.2
78,25,2.7
79,43,2.6
79,39,3.4
79,49,2.2
79,29,4.8
79,25,2.9
79,2,3.8
79,37,3.3
79,24,3.4
79,20,3.0
79,33,4.0
79,48,2.0
79,22,2.0
79,46,2.1
79,47,1.7
79,27,4.0
79,7,2.9
79,5,3.4
79,14,1.3
79,38,2.3
79,21,3.5
79,26,3.6
79,44,2.4
79,23,2.5
79,42,2.9
79,0,4.3
79,30,3.6
79,8,2.4
79,32,3.6
79,12,2.2
79,35,3.8
79,45,2.1
79,10,3.2
79,9,2.4
79,31,3.5
80,45,2.0
80,3,4.6
80,0,3.8
80,46,2.3
80,37,3.0
80,49,1.5
80,26,3.8
80,44,2.4
80,13,1.4
80,9,2.5
80,16,2.6
80,31,4.3
80,6,3.0
80,48,1.8
80,34,4.8
80,15,1.3
80,36,3.5
80,30,3.3
80,4,4.2
80,22,2.8
80,32,4.1
80,19,3.7
81,0,3.7
81,4,4.2
81,48,1.4
81,24,3.1
81,47,2.9
81,32,4.2
81,33,3.8
81,10,2.4
81,30,3.5
81,43,2.1
81,29,3.8
81,38,3.1
81,20,1.8
81,42,2.5
81,1,4.4
81,3,3.6
81,14,2.3
81,19,2.5
81,39,2.5
81,8,2.2
81,12,1.7
81,44,2.2
81,46,2.0
81,31,4.6
81,15,2.4
81,22,3.3
81,18,2.4
81,34,3.2
81,35,3.7
81,2,3.8
81,11,1.7
81,6,3.7
81,25,4.1
81,36,2.8
81,21,2.4
81,13,1.8
82,16,2.4
82,13,2.0
82,11,2.5
82,3,3.7
82,28,3.6
82,38,3.3
82,49,1.9
82,36,1.8
82,14,2.1
82,0,3.7
82,25,3.8
82,18,3.3
82,15,3.0
82,17,2.1
82,9,2.0
82,41,2.7
82,33,3.6
82,5,3.4
82,12,1.7
82,19,2.6
82,31,3.6
82,44,2.6
82,42,1.9
82,6,3.4
82,35,2.9
82,2,4.1
82,40,2.0
82,45,2.1
82,7,3.3
82,39,2.6
82,24,2.9
82,48,2.4
82,43,1.7
83,49,1.7
83,15,1.6
83,11,2.1
83,35,2.7
83,39,3.1
83,46,1.6
83,23,3.4
83,45,1.7
83,33,3.7
83,31,3.1
83,27,4.4
83,25,3.2
83,40,1.9
83,10,3.4
83,26,4.1
83,30,4.5
83,37,3.2
83,9,2.1
83,3,2.8
83,38,2.7
83,1,3.3
83,4,2.9
83,2,2.9
83,5,3.2
83,36,4.0
83,41,2.6
83,21,2.9
83,0,3.9
83,8,1.0
83,34,3.4
83,7,2.0
83,6,3.0
83,47,2.0
84,34,3.1
84,45,2.0
84,0,4.9
84,12,2.3
84,31,4.1
84,44,2.0
84,15,1.7
84,6,3.0
84,39,1.8
84,41,1.6
84,20,3.3
84,16,1.3
84,8,2.3
84,2,3.1
84,9,2.1
84,26,4.0
84,13,2.5
84,24,4.2
84,27,3.5
84,4,3.0
84,23,5.0
84,7,2.5
84,33,3.2
84,10,1.8
84,42,2.0
84,43,1.8
84,5,2.9
84,17,2.3
84,21,3.0
84,3,2.9
85,37,3.0
85,2,3.4
85,40,2.0
85,32,1.9
85,38,3.5
85,5,2.9
85,26,3.8
85,31,4.0
85,15,2.1
85,48,2.1
85,18,2.0
85,41,1.2
85,19,2.1
85,49,1.9
85,8,2.7
85,29,4.3
85,14,1.6
85,44,1.0
85,25,3.8
85,1,3.5
85,16,2.0
85,0,4.3
85,4,3.2
85,24,3.2
85,3,2.7
85,30,3.8
85,47,1.7
85,12,2.0
85,45,2.5
85,9,1.5
85,7,2.6
85,23,4.0
85,36,3.0
85,35,3.6
85,13,1.9
85,17,2.5
85,46,2.3
86,11,2.6
86,3,3.4
86,19,2.8
86,25,4.4
86,34,2.8
86,27,4.6
86,12,1.5
86,35,2.8
86,38,1.6
86,20,3.3
86,15,2.3
86,10,1.8
86,40,1.8
86,45,2.7
86,42,2.0
86,30,3.5
86,13,3.0
86,48,2.1
86,21,3.8
86,14,1.5
86,6,2.5
86,17,2.7
86,2,3.4
86,22,3.5
86,23,3.3
86,8,1.5
86,49,3.3
86,46,1.9
86,24,3.9
86,44,2.4
86,29,4.1
86,16,2.0
86,4,3.6
86,37,3.0
87,31,3.9
87,30,4.1
87,47,2.4
87,22,3.5
87,2,3.7
87,3,2.9
87,44,3.0
87,20,2.7
87,5,3.1
87,36,3.5
87,18,2.6
87,40,1.6
87,29,4.5
87,45,2.2
87,13,2.5
87,49,2.6
87,34,4.1
87,37,1.6
87,4,3.1
87,41,2.7
87,9,2.2
87,19,3.1
87,0,3.4
87,39,2.3
87,7,1.5
87,14,1.8
87,26,3.6
87,27,4.3
87,17,2.3
87,43,1.7
87,35,2.8
87,1,3.1
87,16,2.5
87,23,3.9
87,24,4.2
87,12,2.3
87,33,3.7
87,8,2.1
87,25,3.7
88,34,2.7
88,14,2.5
88,3,3.2
88,2,3.2
88,35,3.2
88,16,2.9
88,39,2.4
88,12,1.4
88,44,1.7
88,46,2.1
88,38,1.6
88,29,4.0
88,41,2.7
88,23,4.4
88,32,3.9
88,20,3.6
88,40,3.2
88,0,4.0
88,33,3.8
88,10,1.3
88,1,4.1
88,49,3.0
88,36,2.7
88,6,2.3
89,40,1.8
89,5,2.3
89,19,3.7
89,41,2.1
89,7,2.8
89,22,4.1
89,14,1.6
89,37,2.4
89,26,4.5
89,21,2.9
89,13,2.3
89,27,4.0
89,17,1.9
89,1,3.4
89,33,2.8
89,31,3.0
89,15,2.4
89,30,2.8
89,4,2.4
89,45,3.5
89,18,3.3
89,12,1.6
89,34,3.7
89,3,2.4
89,2,2.8
89,46,1.7
89,8,2.2
89,10,2.7
89,49,2.4
89,25,2.9
89,32,3.9
89,48,3.4
89,39,1.2
89,29,4.1
89,28,4.0
89,16,2.2
89,43,1.3
89,24,4.4
89,23,3.9
90,38,2.4
90,41,1.7
90,8,1.8
90,48,2.2
90,40,2.9
90,0,3.4
90,44,2.0
90,34,2.4
90,45,3.7
90,6,1.8
90,24,3.7
90,15,2.7
90,39,2.4
90,3,3.3
90,5,3.4
90,33,3.4
90,35,2.2
90,18,2.9
90,46,2.5
90,49,4.0
91,13,2.7
91,29,3.1
91,33,3.1
91,12,2.7
91,21,3.9
91,20,4.7
91,18,3.4
91,15,2.4
91,11,3.5
91,22,4.6
91,3,1.9
91,25,3.6
91,16,2.2
91,39,2.4
91,31,3.7
91,26,4.3
91,24,3.2
91,0,3.0
91,28,3.8
91,4,1.6
91,35,2.2
91,48,3.5
91,34,2.0
91,38,2.9
91,36,3.0
91,41,1.9
91,7,1.8
91,46,2.9
92,47,3.0
92,41,2.3
92,12,2.1
92,29,4.1
92,2,2.5
92,28,4.0
92,22,5.0
92,25,4.3
92,20,3.4
92,24,3.8
92,48,2.9
92,13,2.7
92,26,4.0
92,46,2.2
92,33,2.6
92,23,4.0
92,9,2.0
92,10,2.2
92,42,2.5
92,19,4.8
92,14,1.7
92,1,3.4
92,32,3.2
92,7,1.2
92,27,4.5
92,16,3.0
92,30,3.9
92,43,1.3
92,31,3.2
92,36,1.8
92,34,3.8
92,37,2.8
92,0,2.9
92,49,2.4
92,4,2.6
92,15,3.2
92,6,1.3
92,18,2.8
93,35,2.2
93,28,4.0
93,11,2.5
93,41,1.5
93,25,4.3
93,37,2.1
93,6,2.1
93,26,3.5
93,21,3.6
93,2,2.2
93,18,2.8
93,29,3.8
93,23,3.8
93,34,2.0
93,3,3.6
93,47,2.3
93,24,4.5
93,1,2.2
93,39,2.2
93,45,2.4
93,19,3.2
93,36,2.4
93,32,3.0
93,5,1.8
93,46,2.2
93,17,2.3
93,38,2.2
93,20,3.0
93,7,2.0
93,9,2.3
93,8,2.1
93,44,2.0
93,40,2.5
93,42,1.9
93,31,2.5
93,43,2.0
93,10,2.3
93,13,2.0
93,48,3.5
94,40,1.6
94,31,2.4
94,29,4.4
94,26,4.1
94,12,1.6
94,5,2.0
94,6,2.1
94,43,3.1
94,14,2.1
94,24,4.5
94,23,4.7
94,4,2.0
94,8,1.9
94,33,2.2
94,32,2.8
94,0,3.0
94,48,3.5
94,30,3.8
94,42,1.8
94,20,2.8
94,36,2.2
94,22,4.1
94,27,3.9
94,18,3.3
94,39,2.1
94,35,3.1
94,46,2.9
94,7,1.8
95,20,3.6
95,23,3.8
95,4,1.2
95,26,3.6
95,46,3.4
95,37,2.2
95,49,3.6
95,44,3.1
95,28,3.1
95,43,1.8
95,18,2.4
95,3,2.8
95,8,2.3
95,36,2.5
95,25,3.3
95,10,1.3
95,34,1.8
95,21,3.4
95,5,2.9
95,45,3.2
95,9,1.8
95,40,2.2
95,24,3.6
95,6,2.2
95,33,2.0
95,12,2.8
95,0,2.5
95,38,2.4
95,22,3.8
95,35,1.9
95,27,4.5
95,30,3.3
95,17,3.2
95,14,3.1
96,3,1.6
96,14,2.7
96,25,3.9
96,37,2.4
96,5,1.8
96,39,2.1
96,23,4.5
96,40,1.6
96,6,1.0
96,27,4.0
96,12,3.7
96,21,3.9
96,42,2.3
96,9,1.9
96,22,4.8
96,30,3.1
96,32,2.6
96,1,3.1
96,33,2.3
96,15,2.4
96,46,3.4
96,45,2.5
96,18,3.1
96,2,3.5
96,44,2.5
96,28,3.7
96,4,2.2
96,7,1.6
96,26,4.1
96,35,2.4
96,16,2.9
96,0,3.0
97,19,3.5
97,37,1.6
97,24,3.5
97,13,2.9
97,16,3.9
97,26,2.7
97,36,2.1
97,11,1.9
97,30,3.5
97,31,2.7
97,34,2.4
97,20,3.9
97,1,3.1
97,49,4.6
97,14,2.4
97,4,1.6
97,0,2.9
97,18,3.3
97,2,2.8
97,40,2.6
97,44,2.4
97,28,3.0
97,47,3.1
97,12,2.6
97,10,2.4
97,9,1.0
97,35,1.7
97,43,2.3
97,33,2.0
97,48,2.0
97,5,1.1
98,20,3.7
98,30,2.5
98,21,3.9
98,28,3.6
98,40,2.1
98,37,1.9
98,11,2.5
98,39,1.7
98,27,3.3
98,41,1.2
98,10,2.8
98,36,2.2
98,42,2.0
98,35,3.1
98,29,3.2
98,43,2.0
98,12,3.1
98,15,3.4
98,48,3.7
98,23,3.8
98,19,4.1
98,32,2.4
99,27,2.4
99,2,2.6
99,33,2.3
99,18,4.1
99,7,2.1
99,32,2.2
99,11,3.0
99,24,3.9
99,28,2.6
99,22,4.6
99,41,1.6
99,34,2.6
99,43,3.4
99,38,1.5
99,19,3.8
99,48,3.5
99,45,3.0
99,39,3.0
99,37,1.5
99,49,3.6
99,17,4.4
99,23,3.8
99,15,2.9
99,9,2.4
99,6,2.4
99,1,2.2
99,3,2.4
99,29,2.3
99,4,1.4
